title,Type,Based on other media,release_date,Studio,Notes
Blink,Original,0,04/10/2024,Walt Disney Pictures,
Deadpool & Wolverine,Sequel,1,26/07/2024,Marvel,
Inside Out 2,Sequel,0,14/06/2024,Walt Disney Pictures,
Inside Out 2,Sequel,0,14/06/2024,Pixar,
Young Woman and the Sea,Original,1,31/05/2024,Walt Disney Pictures,
The Beach Boys,Original,0,24/05/2024,Walt Disney Pictures,
Tiger,Original,0,22/04/2024,Walt Disney Pictures,
Diary of a Wimpy Kid Christmas: Cabin Fever,Sequel,1,08/12/2023,Walt Disney Pictures,
Wish,Original,0,22/11/2023,Walt Disney Pictures,
Dashing Through the Snow,Original,0,17/11/2023,Walt Disney Pictures,
The Marvels,Sequel,1,10/11/2023,Marvel,
Haunted Mansion,Original,1,28/07/2023,Walt Disney Pictures,Based on theme park ride
Indiana Jones and the Dial of Destiny,Sequel,0,30/06/2023,Walt Disney Pictures,
Indiana Jones and the Dial of Destiny,Sequel,0,30/06/2023,Lucasfilm,
World's Best,Original,0,23/06/2023,Walt Disney Pictures,
Elemental,Original,0,16/06/2023,Walt Disney Pictures,
Elemental,Original,0,16/06/2023,Pixar,
The Little Mermaid,Remaster,1,26/05/2023,Walt Disney Pictures,
Crater,Original,0,12/05/2023,Walt Disney Pictures,
Guardians of the Galaxy Vol. 3,Sequel,1,05/05/2023,Marvel,
Peter Pan & Wendy,Remaster,0,28/04/2023,Walt Disney Pictures,
Chang Can Dunk,Original,0,10/03/2023,Walt Disney Pictures,
Ant-Man and the Wasp: Quantumania,Sequel,1,17/02/2023,Marvel,
Night at the Museum: Kahmunrah Rises Again,Spin-off,0,09/12/2022,Walt Disney Pictures,
Diary of a Wimpy Kid: Rodrick Rules,Sequel,1,02/12/2022,Walt Disney Pictures,
Strange World,Original,0,23/11/2022,Walt Disney Pictures,
Disenchanted,Sequel,0,18/11/2022,Walt Disney Pictures,
Black Panther: Wakanda Forever,Sequel,1,11/11/2022,Marvel,
Hocus Pocus 2,Sequel,0,30/09/2022,Walt Disney Pictures,
Pinocchio,Remaster,1,08/09/2022,Walt Disney Pictures,
Thor: Love and Thunder,Sequel,1,08/07/2022,Marvel,
Rise,Original,0,24/06/2022,Walt Disney Pictures,
Lightyear,Spin-off,0,17/06/2022,Walt Disney Pictures,
Lightyear,Spin-off,0,17/06/2022,Pixar,
Hollywood Stargirl,Sequel,0,03/06/2022,Walt Disney Pictures,
Chip 'n Dale: Rescue Rangers,Original,1,20/05/2022,Walt Disney Pictures,
Doctor Strange in the Multiverse of Madness,Sequel,1,06/05/2022,Marvel,
Polar Bear,Original,0,22/04/2022,Walt Disney Pictures,
Better Nate Than Ever,Original,0,01/04/2022,Walt Disney Pictures,
Cheaper by the Dozen,Remaster,0,18/03/2022,Walt Disney Pictures,
Turning Red,Original,0,11/03/2022,Walt Disney Pictures,
Turning Red,Original,0,11/03/2022,Pixar,
The Beatles: Get Back – The Rooftop Concert,Original,0,30/01/2022,Walt Disney Pictures,
The Ice Age Adventures of Buck Wild,Spin-off,1,28/01/2022,Walt Disney Pictures,
The Last Warrior: A Messenger of Darkness,Sequel,1,23/12/2021,Walt Disney Pictures,
Spider-Man: No Way Home,Sequel,1,17/12/2021,Marvel,
Diary of a Wimpy Kid,Original,1,03/12/2021,Walt Disney Pictures,
Encanto,Original,0,24/11/2021,Walt Disney Pictures,
Eternals,Original,1,05/11/2021,Marvel,
Shang-Chi and the Legend of the Ten Rings,Original,1,03/09/2021,Marvel,
Jungle Cruise,Original,1,30/07/2021,Walt Disney Pictures,
Black Widow,Original,1,09/07/2021,Marvel,
Luca,Original,0,18/06/2021,Walt Disney Pictures,
Luca,Original,0,18/06/2021,Pixar,
Cruella,Original,0,28/05/2021,Walt Disney Pictures,
Raya and the Last Dragon,Original,0,05/03/2021,Walt Disney Pictures,
Flora & Ulysses,Original,0,19/02/2021,Walt Disney Pictures,
The Last Warrior: Root of Evil,Sequel,0,01/01/2021,Walt Disney Pictures,
Soul,Original,0,25/12/2020,Walt Disney Pictures,
Soul,Original,0,25/12/2020,Pixar,
Safety,Original,0,11/12/2020,Walt Disney Pictures,
Godmothered,Original,0,04/12/2020,Walt Disney Pictures,
Mulan,Remaster,0,04/09/2020,Walt Disney Pictures,
The One and Only Ivan,Original,1,21/08/2020,Walt Disney Pictures,
Magic Camp,Original,0,14/08/2020,Walt Disney Pictures,
Black Is King,Original,0,31/07/2020,Walt Disney Pictures,
Hamilton,Original,0,03/07/2020,Walt Disney Pictures,
Artemis Fowl,Original,1,12/06/2020,Walt Disney Pictures,
Dolphin Reef,Original,0,03/04/2020,Walt Disney Pictures,
Elephant,Original,0,03/04/2020,Walt Disney Pictures,
Stargirl,Original,0,13/03/2020,Walt Disney Pictures,
Onward,Original,0,06/03/2020,Walt Disney Pictures,
Onward,Original,0,06/03/2020,Pixar,
Timmy Failure: Mistakes Were Made,Original,0,07/02/2020,Walt Disney Pictures,
Togo,Original,0,20/12/2019,Walt Disney Pictures,
Star Wars: The Rise of Skywalker,Sequel,0,20/12/2019,Lucasfilm,
Frozen II,Sequel,0,22/11/2019,Walt Disney Pictures,
Lady and the Tramp,Remaster,0,12/11/2019,Walt Disney Pictures,
Noelle,Original,0,12/11/2019,Walt Disney Pictures,
Maleficent: Mistress of Evil,Sequel,0,18/10/2019,Walt Disney Pictures,
The Lion King,Remaster,0,19/07/2019,Walt Disney Pictures,
Spider-Man: Far From Home,Sequel,1,02/07/2019,Marvel,
Toy Story 4,Sequel,0,21/06/2019,Walt Disney Pictures,
Toy Story 4,Sequel,0,21/06/2019,Pixar,
Aladdin,Remaster,0,24/05/2019,Walt Disney Pictures,
Avengers: Endgame,Sequel,1,26/04/2019,Marvel,
Penguins,Original,0,17/04/2019,Walt Disney Pictures,
Dumbo,Remaster,1,29/03/2019,Walt Disney Pictures,
Captain Marvel,Original,1,08/03/2019,Marvel,
Mary Poppins Returns,Sequel,0,19/12/2018,Walt Disney Pictures,
Ralph Breaks the Internet,Sequel,0,21/11/2018,Walt Disney Pictures,
The Nutcracker and the Four Realms,Original,1,02/11/2018,Walt Disney Pictures,
Christopher Robin,Original,0,03/08/2018,Walt Disney Pictures,
Ant-Man and the Wasp,Sequel,1,06/07/2018,Marvel,
Incredibles 2,Sequel,0,15/06/2018,Walt Disney Pictures,
Incredibles 2,Sequel,0,15/06/2018,Pixar,
Solo: A Star Wars Story,Spin-off,0,10/05/2018,Lucasfilm,
Avengers: Infinity War,Sequel,1,27/04/2018,Marvel,
A Wrinkle in Time,Remaster,1,09/03/2018,Walt Disney Pictures,
Black Panther,Original,1,16/02/2018,Marvel,
Expedition China,Original,0,27/12/2017,Walt Disney Pictures,
Star Wars: The Last Jedi,Sequel,0,15/12/2017,Lucasfilm,
Coco,Original,1,22/11/2017,Walt Disney Pictures,
Coco,Original,0,22/11/2017,Pixar,
Thor: Ragnarok,Sequel,1,03/11/2017,Marvel,
The Last Warrior,Original,1,29/10/2017,Walt Disney Pictures,
Jagga Jasoos,Original,0,14/07/2017,Walt Disney Pictures,
Spider-Man: Homecoming,Original,1,07/07/2017,Marvel,
Ghost of the Mountains,Original,0,30/06/2017,Walt Disney Pictures,
Cars 3,Sequel,0,16/06/2017,Walt Disney Pictures,
Cars 3,Sequel,0,16/06/2017,Pixar,
Pirates of the Caribbean: Dead Men Tell No Tales,Sequel,0,26/05/2017,Walt Disney Pictures,
Guardians of the Galaxy Vol. 2,Sequel,1,05/05/2017,Marvel,
Born in China,Original,0,21/04/2017,Walt Disney Pictures,
Beauty and the Beast,Remaster,1,17/03/2017,Walt Disney Pictures,
L'Empereur - March of the Penguins 2: The Next Step,Original,0,15/02/2017,Walt Disney Pictures,
Dangal,Original,0,21/12/2016,Walt Disney Pictures,
Rogue One: A Star Wars Story,Spin-off,0,16/12/2016,Lucasfilm,
Growing Up Wild,Original,0,06/12/2016,Walt Disney Pictures,
Moana,Original,0,23/11/2016,Walt Disney Pictures,
Doctor Strange,Original,1,04/11/2016,Marvel,
Queen of Katwe,Original,1,30/09/2016,Walt Disney Pictures,
Pete's Dragon,Original,1,12/08/2016,Walt Disney Pictures,
The BFG,Original,1,01/07/2016,Walt Disney Pictures,
Finding Dory,Sequel,0,17/06/2016,Walt Disney Pictures,
Finding Dory,Sequel,0,17/06/2016,Pixar,
Alice Through the Looking Glass,Sequel,1,27/05/2016,Walt Disney Pictures,
Tini: The Movie,Original,1,06/05/2016,Walt Disney Pictures,
Captain America: Civil War,Sequel,1,06/05/2016,Marvel,
The Jungle Book,Remaster,1,15/04/2016,Walt Disney Pictures,
Zootopia,Original,0,04/03/2016,Walt Disney Pictures,
The Finest Hours,Original,1,29/01/2016,Walt Disney Pictures,
Star Wars: The Force Awakens,Sequel,0,18/12/2015,Lucasfilm,
The Good Dinosaur,Original,0,25/11/2015,Walt Disney Pictures,
The Good Dinosaur,Original,0,25/11/2015,Pixar,
Ant-Man,Original,1,17/07/2015,Marvel,
Inside Out,Original,0,19/06/2015,Walt Disney Pictures,
ABCD 2,Sequel,0,19/06/2015,Walt Disney Pictures,
Inside Out,Original,0,19/06/2015,Pixar,
Tomorrowland,Original,1,22/05/2015,Walt Disney Pictures,
Avengers: Age of Ultron,Sequel,1,01/05/2015,Marvel,
Monkey Kingdom,Original,0,17/04/2015,Walt Disney Pictures,
Cinderella,Remaster,1,13/03/2015,Walt Disney Pictures,
Tinker Bell and the Legend of the NeverBeast,Sequel,0,03/03/2015,Walt Disney Pictures,
"McFarland, USA",Original,0,20/02/2015,Walt Disney Pictures,
Strange Magic,Original,0,23/01/2015,Lucasfilm,
Into the Woods,Original,1,25/12/2014,Walt Disney Pictures,
Big Hero 6,Original,1,07/11/2014,Walt Disney Pictures,
"Alexander and the Terrible, Horrible, No Good, Very Bad Day",Original,1,10/10/2014,Walt Disney Pictures,
Khoobsurat,Remaster,0,19/09/2014,Walt Disney Pictures,
Guardians of the Galaxy,Original,1,01/08/2014,Marvel,
Planes: Fire & Rescue,Sequel,0,18/07/2014,Walt Disney Pictures,
Maleficent,Original,0,30/05/2014,Walt Disney Pictures,
Million Dollar Arm,Original,0,16/05/2014,Walt Disney Pictures,
Bears,Original,0,18/04/2014,Walt Disney Pictures,
Captain America: The Winter Soldier,Sequel,1,04/04/2014,Marvel,
The Pirate Fairy,Sequel,0,01/04/2014,Walt Disney Pictures,
Muppets Most Wanted,Sequel,0,21/03/2014,Walt Disney Pictures,
Saving Mr. Banks,Original,0,13/12/2013,Walt Disney Pictures,
Frozen,Original,0,27/11/2013,Walt Disney Pictures,
Thor: The Dark World,Sequel,1,08/11/2013,Marvel,
Super Buddies,Sequel,0,27/08/2013,Walt Disney Pictures,
Planes,Spin-off,0,09/08/2013,Walt Disney Pictures,
The Lone Ranger,Remaster,0,03/07/2013,Walt Disney Pictures,
Monsters University,Sequel,0,21/06/2013,Pixar,
Monsters University,Prequel,0,21/06/2013,Walt Disney Pictures,
Iron Man 3,Sequel,1,03/05/2013,Marvel,
Wings of Life,Original,0,16/04/2013,Walt Disney Pictures,
Oz the Great and Powerful,Prequel,1,08/03/2013,Walt Disney Pictures,
Wreck-It Ralph,Original,0,02/11/2012,Walt Disney Pictures,
Secret of the Wings,Sequel,0,23/10/2012,Walt Disney Pictures,
Frankenweenie,Original,0,05/10/2012,Walt Disney Pictures,
Beverly Hills Chihuahua 3: Viva la Fiesta!,Sequel,0,18/09/2012,Walt Disney Pictures,Beverly Hills Chihuahua got THREE movies?!?!
The Odd Life of Timothy Green,Original,0,15/08/2012,Walt Disney Pictures,
Brave,Original,0,22/06/2012,Pixar,
Brave,Original,0,22/06/2012,Walt Disney Pictures,
Arjun: The Warrior Prince,Original,1,25/05/2012,Walt Disney Pictures,
The Avengers,Original,1,04/05/2012,Marvel,
Chimpanzee,Original,0,20/04/2012,Walt Disney Pictures,
John Carter,Original,1,09/03/2012,Walt Disney Pictures,
The Secret World of Arrietty,Original,1,17/02/2012,Walt Disney Pictures,
Treasure Buddies,Sequel,0,31/01/2012,Walt Disney Pictures,
Red Tails,Original,1,11/01/2012,Lucasfilm,
The Muppets,Original,0,23/11/2011,Walt Disney Pictures,
Spooky Buddies,Original,0,20/09/2011,Walt Disney Pictures,
Captain America: The First Avenger,Original,1,22/07/2011,Marvel,
Winnie the Pooh,Sequel,1,15/07/2011,Walt Disney Pictures,
Cars 2,Sequel,0,24/06/2011,Pixar,
Cars 2,Sequel,0,24/06/2011,Walt Disney Pictures,
Pirates of the Caribbean: On Stranger Tides,Sequel,0,20/05/2011,Walt Disney Pictures,
Thor,Original,1,06/05/2011,Marvel,
Prom,Original,0,29/04/2011,Walt Disney Pictures,
Zokkomon,Original,0,22/04/2011,Walt Disney Pictures,
African Cats,Original,0,22/04/2011,Walt Disney Pictures,
Mars Needs Moms,Original,0,11/03/2011,Walt Disney Pictures,
Lilly the Witch: The Journey to Mandolan,Sequel,0,17/02/2011,Walt Disney Pictures,
Beverly Hills Chihuahua 2,Sequel,0,01/02/2011,Walt Disney Pictures,
Anaganaga O Dheerudu,Original,0,21/01/2011,Walt Disney Pictures,
Tron: Legacy,Remaster,0,17/12/2010,Walt Disney Pictures,
Tangled,Original,1,24/11/2010,Walt Disney Pictures,
Secretariat,Original,0,08/10/2010,Walt Disney Pictures,
Do Dooni Chaar,Original,0,08/10/2010,Walt Disney Pictures,
Fuchsia the Mini-Witch,Original,1,06/10/2010,Walt Disney Pictures,
Tinker Bell and the Great Fairy Rescue,Sequel,0,21/09/2010,Walt Disney Pictures,
The Crimson Wing: Mystery of the Flamingos,Original,0,07/09/2010,Walt Disney Pictures,
Tales from Earthsea,Original,1,13/08/2010,Walt Disney Pictures,
The Sorcerer's Apprentice,Original,1,14/07/2010,Walt Disney Pictures,
Toy Story 3,Sequel,0,18/06/2010,Pixar,
Toy Story 3,Sequel,0,18/06/2010,Walt Disney Pictures,
Prince of Persia: The Sands of Time,Original,1,28/05/2010,Walt Disney Pictures,
Iron Man 2,Sequel,1,07/05/2010,Marvel,
Oceans,Original,0,22/04/2010,Walt Disney Pictures,
Waking Sleeping Beauty,Original,0,26/03/2010,Walt Disney Pictures,
Alice in Wonderland,Original,1,05/03/2010,Walt Disney Pictures,
The Princess and the Frog,Original,1,11/12/2009,Walt Disney Pictures,
Old Dogs,Original,0,25/11/2009,Walt Disney Pictures,
Disney's A Christmas Carol,Original,1,06/11/2009,Walt Disney Pictures,
The Book of Masters,Original,1,29/10/2009,Walt Disney Pictures,
Tinker Bell and the Lost Treasure,Sequel,1,27/10/2009,Walt Disney Pictures,
SpangaS op Survival,Original,0,30/09/2009,Walt Disney Pictures,
Walt & El Grupo,Original,0,09/09/2009,Walt Disney Pictures,
Ponyo,Original,0,14/08/2009,Walt Disney Pictures,
G-Force,Original,0,24/07/2009,Walt Disney Pictures,
Lilly the Witch: The Dragon and the Magic Book,Original,1,12/06/2009,Walt Disney Pictures,
Up,Original,0,29/05/2009,Pixar,
Up,Original,0,29/05/2009,Walt Disney Pictures,
The Boys: The Sherman Brothers' Story,Original,0,22/05/2009,Walt Disney Pictures,
Trail of the Panda,Original,0,08/05/2009,Walt Disney Pictures,
Earth,Original,0,22/04/2009,Walt Disney Pictures,
Hannah Montana: The Movie,Original,1,10/04/2009,Walt Disney Pictures,
Race to Witch Mountain,Original,1,13/03/2009,Walt Disney Pictures,
Jonas Brothers: The 3D Concert Experience,Original,0,27/02/2009,Walt Disney Pictures,
Bedtime Stories,Original,0,25/12/2008,Walt Disney Pictures,
Bolt,Original,0,21/11/2008,Walt Disney Pictures,
Tinker Bell,Original,1,28/10/2008,Walt Disney Pictures,
High School Musical 3: Senior Year,Sequel,0,24/10/2008,Walt Disney Pictures,
Roadside Romeo,Original,0,24/10/2008,Walt Disney Pictures,
Morning Light,Original,0,17/10/2008,Walt Disney Pictures,
Beverly Hills Chihuahua,Original,0,03/10/2008,Walt Disney Pictures,
The Little Mermaid: Ariel's Beginning,Prequel,0,26/08/2008,Walt Disney Pictures,
Star Wars: The Clone Wars,Spin-off,0,10/08/2008,Lucasfilm,
WALL-E,Original,0,27/06/2008,Pixar,
WALL-E,Original,0,27/06/2008,Walt Disney Pictures,
The Incredible Hulk,Original,1,13/06/2008,Marvel,
Indiana Jones and the Kingdom of the Crystal Skull,Sequel,0,22/05/2008,Lucasfilm,
The Chronicles of Narnia: Prince Caspian,Sequel,1,16/05/2008,Walt Disney Pictures,
Iron Man,Original,1,02/05/2008,Marvel,
College Road Trip,Original,0,07/03/2008,Walt Disney Pictures,
Hannah Montana and Miley Cyrus: Best of Both Worlds Concert,Original,0,01/02/2008,Walt Disney Pictures,
National Treasure: Book of Secrets,Sequel,0,21/12/2007,Walt Disney Pictures,
Enchanted,Original,0,21/11/2007,Walt Disney Pictures,
The Game Plan,Original,0,28/09/2007,Walt Disney Pictures,
The Pixar Story,Original,0,28/08/2007,Walt Disney Pictures,
Underdog,Original,0,03/08/2007,Walt Disney Pictures,
Ratatouille,Original,0,29/06/2007,Pixar,
Ratatouille,Original,0,29/06/2007,Walt Disney Pictures,
The Secret of the Magic Gourd,Original,0,29/06/2007,Walt Disney Pictures,
Pirates of the Caribbean: At World's End,Sequel,0,25/05/2007,Walt Disney Pictures,
Meet the Robinsons,Original,1,30/03/2007,Walt Disney Pictures,
Bridge to Terabithia,Original,1,16/02/2007,Walt Disney Pictures,
Cinderella III: A Twist in Time,Sequel,0,06/02/2007,Walt Disney Pictures,
The Fox and the Hound 2,Sequel,0,12/12/2006,Walt Disney Pictures,
The Santa Clause 3: The Escape Clause,Sequel,0,03/11/2006,Walt Disney Pictures,
The Nightmare Before Christmas 3D,Original,0,20/10/2006,Walt Disney Pictures,
Brother Bear 2,Sequel,0,29/08/2006,Walt Disney Pictures,
Invincible,Original,0,25/08/2006,Walt Disney Pictures,
Pirates of the Caribbean: Dead Man's Chest,Sequel,0,07/07/2006,Walt Disney Pictures,
Leroy & Stitch,Sequel,0,27/06/2006,Walt Disney Pictures,
Cars,Original,0,09/06/2006,Pixar,
Cars,Original,0,09/06/2006,Walt Disney Pictures,
The Wild,Original,0,14/04/2006,Walt Disney Pictures,
The Shaggy Dog,Remaster,1,10/03/2006,Walt Disney Pictures,
Eight Below,Remaster,0,17/02/2006,Walt Disney Pictures,
Bambi II,Sequel,0,07/02/2006,Walt Disney Pictures,
Roving Mars,Original,0,27/01/2006,Walt Disney Pictures,
Glory Road,Original,0,13/01/2006,Walt Disney Pictures,
Kronk's New Groove,Sequel,0,13/12/2005,Walt Disney Pictures,
"The Chronicles of Narnia: The Lion, the Witch and the Wardrobe",Original,1,09/12/2005,Walt Disney Pictures,
Chicken Little,Original,1,04/11/2005,Walt Disney Pictures,
The Greatest Game Ever Played,Original,1,30/09/2005,Walt Disney Pictures,
Pooh's Heffalump Halloween Movie,Sequel,0,13/09/2005,Walt Disney Pictures,
Lilo & Stitch 2: Stitch Has a Glitch,Sequel,0,30/08/2005,Walt Disney Pictures,
Valiant,Original,0,19/08/2005,Walt Disney Pictures,
Sky High,Original,0,29/07/2005,Walt Disney Pictures,
Howl's Moving Castle,Original,0,10/07/2005,Walt Disney Pictures,
Herbie: Fully Loaded,Sequel,0,22/06/2005,Walt Disney Pictures,
Tarzan II,Sequel,0,14/06/2005,Walt Disney Pictures,
Star Wars: Episode III: Revenge of the Sith,Prequel,0,19/05/2005,Lucasfilm,
Ice Princess,Original,0,18/03/2005,Walt Disney Pictures,
The Pacifier,Original,0,04/03/2005,Walt Disney Pictures,
Pooh's Heffalump Movie,Original,0,11/02/2005,Walt Disney Pictures,
Mulan II,Sequel,0,01/02/2005,Walt Disney Pictures,
Aliens of the Deep,Original,0,28/01/2005,Walt Disney Pictures,
National Treasure,Original,0,19/11/2004,Walt Disney Pictures,
Mickey's Twice Upon a Christmas,Sequel,0,09/11/2004,Walt Disney Pictures,
The Incredibles,Original,0,05/11/2004,Pixar,
The Incredibles,Original,0,05/11/2004,Walt Disney Pictures,
"Mickey, Donald, Goofy: The Three Musketeers",Original,1,17/08/2004,Walt Disney Pictures,
The Princess Diaries 2: Royal Engagement,Sequel,0,11/08/2004,Walt Disney Pictures,
America's Heart and Soul,Original,0,02/07/2004,Walt Disney Pictures,
Around the World in 80 Days,Original,1,16/06/2004,Walt Disney Pictures,
Sacred Planet,Original,0,22/04/2004,Walt Disney Pictures,
Home on the Range,Original,0,02/04/2004,Walt Disney Pictures,
Springtime with Roo,Original,1,09/03/2004,Walt Disney Pictures,
Confessions of a Teenage Drama Queen,Original,1,20/02/2004,Walt Disney Pictures,
The Lion King 1½,Sequel,0,10/02/2004,Walt Disney Pictures,
Miracle,Original,0,06/02/2004,Walt Disney Pictures,
Teacher's Pet,Original,1,16/01/2004,Walt Disney Pictures,
The Young Black Stallion,Original,1,25/12/2003,Walt Disney Pictures,
The Haunted Mansion,Original,1,26/11/2003,Walt Disney Pictures,
Brother Bear,Original,0,01/11/2003,Walt Disney Pictures,
George of the Jungle 2,Sequel,0,21/10/2003,Walt Disney Pictures,
Stitch! The Movie,Sequel,0,26/08/2003,Walt Disney Pictures,
Freaky Friday,Remaster,1,06/08/2003,Walt Disney Pictures,
Pirates of the Caribbean: The Curse of the Black Pearl,Original,1,09/07/2003,Walt Disney Pictures,Based on theme park ride
Finding Nemo,Original,0,30/05/2003,Pixar,
Finding Nemo,Original,0,30/05/2003,Walt Disney Pictures,
Atlantis: Milo's Return,Sequel,0,20/05/2003,Walt Disney Pictures,
The Lizzie McGuire Movie,Original,1,02/05/2003,Walt Disney Pictures,
Holes,Original,1,18/04/2003,Walt Disney Pictures,
Ghosts of the Abyss,Original,0,11/04/2003,Walt Disney Pictures,
Piglet's Big Movie,Original,1,21/03/2003,Walt Disney Pictures,
Inspector Gadget 2,Sequel,1,11/03/2003,Walt Disney Pictures,
The Jungle Book 2,Original,0,14/02/2003,Walt Disney Pictures,
101 Dalmatians II: Patch's London Adventure,Sequel,0,21/01/2003,Walt Disney Pictures,
Treasure Planet,Original,1,27/11/2002,Walt Disney Pictures,
The Santa Clause 2,Sequel,0,01/11/2002,Walt Disney Pictures,
Tuck Everlasting,Original,1,11/10/2002,Walt Disney Pictures,
Spirited Away,Original,0,20/09/2002,Walt Disney Pictures,
Mickey's House of Villains,Sequel,1,03/09/2002,Walt Disney Pictures,
The Country Bears,Original,1,26/07/2002,Walt Disney Pictures,Theme park ride
Tarzan & Jane,Sequel,0,23/07/2002,Walt Disney Pictures,
Lilo & Stitch,Original,0,21/06/2002,Walt Disney Pictures,
Star Wars: Episode II: Attack of the Clones,Prequel,0,16/05/2002,Lucasfilm,
The Rookie,Original,0,29/03/2002,Walt Disney Pictures,
The Hunchback of Notre Dame II,Sequel,0,19/03/2002,Walt Disney Pictures,
Cinderella II: Dreams Come True,Sequel,0,26/02/2002,Walt Disney Pictures,
Return to Never Land,Sequel,0,15/02/2002,Walt Disney Pictures,
Snow Dogs,Original,1,18/01/2002,Walt Disney Pictures,
Mickey's Magical Christmas: Snowed in at the House of Mouse,Original,0,06/11/2001,Walt Disney Pictures,
"Monsters, Inc.",Original,0,02/11/2001,Pixar,
"Monsters, Inc.",Original,0,02/11/2001,Walt Disney Pictures,
Max Keeble's Big Move,Original,0,05/10/2001,Walt Disney Pictures,
The Princess Diaries,Original,1,03/08/2001,Walt Disney Pictures,
Atlantis: The Lost Empire,Original,0,15/06/2001,Walt Disney Pictures,
Lady and the Tramp II: Scamp's Adventure,Sequel,0,27/02/2001,Walt Disney Pictures,
Recess: School's Out,Original,1,16/02/2001,Walt Disney Pictures,
The Emperor's New Groove,Original,0,15/12/2000,Walt Disney Pictures,
102 Dalmatians,Sequel,0,22/11/2000,Walt Disney Pictures,
Remember the Titans,Original,0,29/09/2000,Walt Disney Pictures,
The Little Mermaid II: Return to the Sea,Sequel,0,19/09/2000,Walt Disney Pictures,
Buzz Lightyear of Star Command: The Adventure Begins,Spin-off,0,08/08/2000,Walt Disney Pictures,
The Kid,Original,0,07/07/2000,Walt Disney Pictures,
Dinosaur,Original,0,19/05/2000,Walt Disney Pictures,
Whispers: An Elephant's Tale,Original,0,10/03/2000,Walt Disney Pictures,
An Extremely Goofy Movie,Sequel,1,29/02/2000,Walt Disney Pictures,
The Tigger Movie,Original,1,11/02/2000,Walt Disney Pictures,
Fantasia 2000,Original,0,17/12/1999,Walt Disney Pictures,
Toy Story 2,Sequel,0,24/11/1999,Pixar,
Toy Story 2,Sequel,0,24/11/1999,Walt Disney Pictures,
Mickey's Once Upon a Christmas,Original,0,09/11/1999,Walt Disney Pictures,
The Straight Story,Original,0,15/10/1999,Walt Disney Pictures,
Hercules: Zero to Hero,Original,0,17/08/1999,Walt Disney Pictures,
Inspector Gadget,Original,1,23/07/1999,Walt Disney Pictures,
Tarzan,Original,1,18/06/1999,Walt Disney Pictures,
Star Wars: Episode I: The Phantom Menace,Prequel,0,19/05/1999,Lucasfilm,
Endurance,Original,0,14/05/1999,Walt Disney Pictures,
Doug's 1st Movie,Original,1,26/03/1999,Walt Disney Pictures,
My Favorite Martian,Original,1,12/02/1999,Walt Disney Pictures,
Mighty Joe Young,Original,0,25/12/1998,Walt Disney Pictures,
A Bug's Life,Original,0,25/11/1998,Pixar,
A Bug's Life,Original,0,20/11/1998,Walt Disney Pictures,
I'll Be Home for Christmas,Original,0,13/11/1998,Walt Disney Pictures,
The Lion King II: Simba's Pride,Sequel,0,27/10/1998,Walt Disney Pictures,
The Jungle Book: Mowgli's Story,Remaster,1,29/09/1998,Walt Disney Pictures,
Pocahontas II: Journey to a New World,Sequel,0,04/08/1998,Walt Disney Pictures,
The Parent Trap,Remaster,1,29/07/1998,Walt Disney Pictures,
Mulan,Original,1,19/06/1998,Walt Disney Pictures,
Meet the Deedles,Original,0,27/03/1998,Walt Disney Pictures,
Beauty and the Beast: Belle's Magical World,Sequel,0,10/02/1998,Walt Disney Pictures,
Mr. Magoo,Original,1,25/12/1997,Walt Disney Pictures,
Flubber,Remaster,1,26/11/1997,Walt Disney Pictures,
Beauty and the Beast: The Enchanted Christmas,Sequel,0,11/11/1997,Walt Disney Pictures,
RocketMan,Original,0,10/10/1997,Walt Disney Pictures,
Pooh's Grand Adventure: The Search for Christopher Robin,Original,1,05/08/1997,Walt Disney Pictures,
Air Bud,Original,0,01/08/1997,Walt Disney Pictures,
George of the Jungle,Original,1,16/07/1997,Walt Disney Pictures,
Hercules,Original,1,27/06/1997,Walt Disney Pictures,
Mighty Ducks the Movie: The First Face-Off,Remaster,0,08/04/1997,Walt Disney Pictures,
"Honey, We Shrunk Ourselves",Sequel,0,18/03/1997,Walt Disney Pictures,
Jungle 2 Jungle,Original,0,07/03/1997,Walt Disney Pictures,
That Darn Cat,Original,1,14/02/1997,Walt Disney Pictures,
101 Dalmatians,Original,1,27/11/1996,Walt Disney Pictures,
D3: The Mighty Ducks,Sequel,0,04/10/1996,Walt Disney Pictures,
First Kid,Original,0,30/08/1996,Walt Disney Pictures,
Aladdin and the King of Thieves,Sequel,0,13/08/1996,Walt Disney Pictures,
The Hunchback of Notre Dame,Original,1,21/06/1996,Walt Disney Pictures,
James and the Giant Peach,Original,1,12/04/1996,Walt Disney Pictures,
Homeward Bound II: Lost in San Francisco,Sequel,0,08/03/1996,Walt Disney Pictures,
Muppet Treasure Island,Original,1,16/02/1996,Walt Disney Pictures,
Tom and Huck,Original,0,22/12/1995,Walt Disney Pictures,
Toy Story,Original,0,22/11/1995,Pixar,
Toy Story,Original,0,22/11/1995,Walt Disney Pictures,
Frank and Ollie,Original,0,20/10/1995,Walt Disney Pictures,
The Big Green,Original,0,29/09/1995,Walt Disney Pictures,
A Kid in King Arthur's Court,Original,0,11/08/1995,Walt Disney Pictures,
Operation Dumbo Drop,Original,0,28/07/1995,Walt Disney Pictures,
Pocahontas,Original,0,23/06/1995,Walt Disney Pictures,
A Goofy Movie,Original,0,07/04/1995,Walt Disney Pictures,
Tall Tale,Original,0,24/03/1995,Walt Disney Pictures,
Man of the House,Original,0,03/03/1995,Walt Disney Pictures,
Heavyweights,Original,0,17/02/1995,Walt Disney Pictures,
Gargoyles the Movie: The Heroes Awaken,Original,0,31/01/1995,Walt Disney Pictures,
Rudyard Kipling's The Jungle Book,Remaster,0,25/12/1994,Walt Disney Pictures,
The Santa Clause,Original,0,11/11/1994,Walt Disney Pictures,
Squanto: A Warrior's Tale,Original,0,28/10/1994,Walt Disney Pictures,
Radioland Murders,Original,0,21/10/1994,Lucasfilm,
Angels in the Outfield,Original,0,15/07/1994,Walt Disney Pictures,
The Lion King,Original,0,24/06/1994,Walt Disney Pictures,
The Return of Jafar,Sequel,0,20/05/1994,Walt Disney Pictures,
White Fang 2: Myth of the White Wolf,Sequel,0,15/04/1994,Walt Disney Pictures,
D2: The Mighty Ducks,Sequel,0,25/03/1994,Walt Disney Pictures,
Blank Check,Original,0,11/02/1994,Walt Disney Pictures,
Iron Will,Original,0,14/01/1994,Walt Disney Pictures,
The Three Musketeers,Original,1,12/11/1993,Walt Disney Pictures,
Cool Runnings,Original,0,01/10/1993,Walt Disney Pictures,
Hocus Pocus,Original,0,16/07/1993,Walt Disney Pictures,
The Adventures of Huck Finn,Original,1,02/04/1993,Walt Disney Pictures,
A Far Off Place,Original,1,12/03/1993,Walt Disney Pictures,
Homeward Bound: The Incredible Journey,Original,1,03/02/1993,Walt Disney Pictures,
The Muppet Christmas Carol,Original,1,11/12/1992,Walt Disney Pictures,
Aladdin,Original,1,25/11/1992,Walt Disney Pictures,
The Mighty Ducks,Original,0,02/10/1992,Walt Disney Pictures,
"Honey, I Blew Up the Kid",Sequel,0,17/07/1992,Walt Disney Pictures,
Newsies,Original,0,10/04/1992,Walt Disney Pictures,
Beauty and the Beast,Original,1,22/11/1991,Walt Disney Pictures,
The Rocketeer,Original,1,21/06/1991,Walt Disney Pictures,
Wild Hearts Can't Be Broken,Original,1,24/05/1991,Walt Disney Pictures,
Shipwrecked,Original,1,01/03/1991,Walt Disney Pictures,
White Fang,Original,0,18/01/1991,Walt Disney Pictures,
The Rescuers Down Under,Sequel,0,16/11/1990,Walt Disney Pictures,
DuckTales the Movie: Treasure of the Lost Lamp,Original,1,03/08/1990,Walt Disney Pictures,
The Little Mermaid,Original,1,17/11/1989,Walt Disney Pictures,
Cheetah,Original,1,18/08/1989,Walt Disney Pictures,
"Honey, I Shrunk the Kids",Original,0,23/06/1989,Walt Disney Pictures,
Indiana Jones and the Last Crusade,Sequel,0,24/05/1989,Lucasfilm,
The Land Before Time,Original,1,18/11/1988,Lucasfilm,
Oliver & Company,Original,1,18/11/1988,Walt Disney Pictures,
Tucker: The Man and His Dream,Original,0,12/08/1988,Lucasfilm,
Willow,Original,0,20/05/1988,Lucasfilm,
Return to Snowy River,Sequel,0,15/04/1988,Walt Disney Pictures,
Benji the Hunted,Original,0,19/06/1987,Walt Disney Pictures,
Fluppy Dogs,Original,1,27/11/1986,Walt Disney Pictures,
Howard the Duck,Original,1,01/08/1986,Lucasfilm,
Flight of the Navigator,Original,0,01/08/1986,Walt Disney Pictures,
The Great Mouse Detective,Original,1,02/07/1986,Walt Disney Pictures,
Labyrinth,Original,0,27/06/1986,Lucasfilm,
One Magic Christmas,Original,0,22/11/1985,Walt Disney Pictures,
Mishima: A Life in Four Chapters,Original,0,04/10/1985,Lucasfilm,
Latino,Original,0,02/10/1985,Lucasfilm,
The Journey of Natty Gann,Original,0,27/09/1985,Walt Disney Pictures,
The Black Cauldron,Original,1,24/07/1985,Walt Disney Pictures,
Return to Oz,Sequel,1,21/06/1985,Walt Disney Pictures,Original not made by Disney 
Indiana Jones and the Temple of Doom,Prequel,0,23/05/1984,Lucasfilm,
Never Cry Wolf,Original,1,07/10/1983,Walt Disney Pictures,
Twice Upon a Time,Original,0,05/08/1983,Lucasfilm,
Return of the Jedi,Sequel,0,25/05/1983,Lucasfilm,
Something Wicked This Way Comes,Original,1,29/04/1983,Walt Disney Pictures,
Trenchcoat,Original,0,11/03/1983,Walt Disney Pictures,
Tex,Original,1,30/07/1982,Walt Disney Pictures,
Tron,Original,0,09/07/1982,Walt Disney Pictures,
Night Crossing,Original,0,05/02/1982,Walt Disney Pictures,
Condorman,Original,1,07/08/1981,Walt Disney Pictures,
The Fox and the Hound,Original,1,10/07/1981,Walt Disney Pictures,
Dragonslayer,Original,0,26/06/1981,Walt Disney Pictures,
Raiders of the Lost Ark,Original,0,12/06/1981,Lucasfilm,
Amy,Original,0,20/03/1981,Walt Disney Pictures,
The Devil and Max Devlin,Original,0,06/03/1981,Walt Disney Pictures,
Popeye,Original,1,12/12/1980,Walt Disney Pictures,
Herbie Goes Bananas,Sequel,0,25/06/1980,Walt Disney Pictures,
The Last Flight of Noah's Ark,Original,1,25/06/1980,Walt Disney Pictures,
The Empire Strikes Back,Sequel,0,21/05/1980,Lucasfilm,
The Watcher in the Woods,Original,1,17/04/1980,Walt Disney Pictures,
Midnight Madness,Original,0,08/02/1980,Walt Disney Pictures,
The Black Hole,Original,0,21/12/1979,Walt Disney Pictures,
More American Graffiti,Sequel,0,03/08/1979,Lucasfilm,
Unidentified Flying Oddball,Original,1,26/07/1979,Walt Disney Pictures,
The Apple Dumpling Gang Rides Again,Sequel,0,27/06/1979,Walt Disney Pictures,
The North Avenue Irregulars,Original,0,09/02/1979,Walt Disney Pictures,
Hot Lead and Cold Feet,Original,0,05/07/1978,Walt Disney Pictures,
The Cat from Outer Space,Original,0,09/06/1978,Walt Disney Pictures,
Return from Witch Mountain,Sequel,0,10/03/1978,Walt Disney Pictures,
Candleshoe,Original,1,16/12/1977,Walt Disney Pictures,
Pete's Dragon,Original,0,03/11/1977,Walt Disney Pictures,
Herbie Goes to Monte Carlo,Sequel,0,24/06/1977,Walt Disney Pictures,
The Rescuers,Original,1,22/06/1977,Walt Disney Pictures,First animated movie to later get a sequel
Star Wars,Original,0,25/05/1977,Lucasfilm,
The Littlest Horse Thieves,Original,0,11/03/1977,Walt Disney Pictures,
The Many Adventures of Winnie the Pooh,Original,1,11/03/1977,Walt Disney Pictures,
The Shaggy D.A.,Sequel,1,17/12/1976,Walt Disney Pictures,
Freaky Friday,Original,1,17/12/1976,Walt Disney Pictures,
Gus,Original,0,07/07/1976,Walt Disney Pictures,
Treasure of Matecumbe,Original,1,01/07/1976,Walt Disney Pictures,
"No Deposit, No Return",Original,0,05/02/1976,Walt Disney Pictures,
Ride a Wild Pony,Original,1,25/12/1975,Walt Disney Pictures,
The Best of Walt Disney's True-Life Adventures,Original,0,08/10/1975,Walt Disney Pictures,
One of Our Dinosaurs Is Missing,Original,1,09/07/1975,Walt Disney Pictures,
The Apple Dumpling Gang,Original,1,01/07/1975,Walt Disney Pictures,
Escape to Witch Mountain,Original,1,21/03/1975,Walt Disney Pictures,
The Strongest Man in the World,Original,0,06/02/1975,Walt Disney Pictures,
The Island at the Top of the World,Original,1,20/12/1974,Walt Disney Pictures,
The Castaway Cowboy,Original,0,01/08/1974,Walt Disney Pictures,
The Bears and I,Original,1,31/07/1974,Walt Disney Pictures,
Herbie Rides Again,Sequel,0,06/06/1974,Walt Disney Pictures,
Superdad,Original,0,14/12/1973,Walt Disney Pictures,
Robin Hood,Original,1,08/11/1973,Walt Disney Pictures,
American Graffiti,Original,0,11/08/1973,Lucasfilm,
One Little Indian,Original,0,20/06/1973,Walt Disney Pictures,
Charley and the Angel,Original,1,23/03/1973,Walt Disney Pictures,
The World's Greatest Athlete,Original,0,01/02/1973,Walt Disney Pictures,
Snowball Express,Original,0,22/12/1972,Walt Disney Pictures,
"Run, Cougar, Run",Original,1,18/10/1972,Walt Disney Pictures,
Napoleon and Samantha,Original,0,19/07/1972,Walt Disney Pictures,
"Now You See Him, Now You Don't",Original,0,12/07/1972,Walt Disney Pictures,
The Biscuit Eater,Original,1,22/03/1972,Walt Disney Pictures,
Bedknobs and Broomsticks,Original,1,13/12/1971,Walt Disney Pictures,
The Million Dollar Duck,Original,1,30/06/1971,Walt Disney Pictures,
Scandalous John,Original,0,22/06/1971,Walt Disney Pictures,
The Barefoot Executive,Original,0,17/03/1971,Walt Disney Pictures,
The Aristocats,Original,0,24/12/1970,Walt Disney Pictures,
The Wild Country,Original,1,15/12/1970,Walt Disney Pictures,
The Boatniks,Original,0,01/07/1970,Walt Disney Pictures,
King of the Grizzlies,Original,1,11/02/1970,Walt Disney Pictures,
The Computer Wore Tennis Shoes,Original,0,24/12/1969,Walt Disney Pictures,
Rascal,Original,1,11/06/1969,Walt Disney Pictures,
Smith!,Original,1,21/03/1969,Walt Disney Pictures,
The Love Bug,Original,1,13/03/1969,Walt Disney Pictures,
The Horse in the Gray Flannel Suit,Original,1,20/12/1968,Walt Disney Pictures,
Never a Dull Moment,Original,1,26/06/1968,Walt Disney Pictures,
"The One and Only, Genuine, Original Family Band",Original,1,21/03/1968,Walt Disney Pictures,
Blackbeard's Ghost,Original,1,08/02/1968,Walt Disney Pictures,
The Happiest Millionaire,Original,1,30/11/1967,Walt Disney Pictures,
"Charlie, the Lonesome Cougar",Original,0,18/10/1967,Walt Disney Pictures,
The Jungle Book,Original,1,18/10/1967,Walt Disney Pictures,
The Gnome-Mobile,Original,1,19/07/1967,Walt Disney Pictures,
The Adventures of Bullwhip Griffin,Original,1,08/03/1967,Walt Disney Pictures,
"Monkeys, Go Home!",Original,1,08/02/1967,Walt Disney Pictures,
"Follow Me, Boys!",Original,1,01/12/1966,Walt Disney Pictures,
The Fighting Prince of Donegal,Original,1,01/10/1966,Walt Disney Pictures,
"Lt. Robin Crusoe, U.S.N.",Original,1,29/07/1966,Walt Disney Pictures,
The Ugly Dachshund,Original,1,16/02/1966,Walt Disney Pictures,
That Darn Cat!,Original,1,02/12/1965,Walt Disney Pictures,
The Monkey's Uncle,Sequel,0,18/08/1965,Walt Disney Pictures,
Emil and the Detectives,Original,1,18/12/1964,Walt Disney Pictures,
Those Calloways,Original,1,10/11/1964,Walt Disney Pictures,
Mary Poppins,Original,1,29/08/1964,Walt Disney Pictures,
The Moon-Spinners,Original,1,08/07/1964,Walt Disney Pictures,
The Three Lives of Thomasina,Original,1,04/06/1964,Walt Disney Pictures,
The Misadventures of Merlin Jones,Original,0,25/03/1964,Walt Disney Pictures,
A Tiger Walks,Original,1,12/03/1964,Walt Disney Pictures,
The Sword in the Stone,Original,1,25/12/1963,Walt Disney Pictures,
The Incredible Journey,Original,1,20/11/1963,Walt Disney Pictures,
Summer Magic,Original,1,07/07/1963,Walt Disney Pictures,
Savage Sam,Sequel,1,01/06/1963,Walt Disney Pictures,
Miracle of the White Stallions,Original,1,29/03/1963,Walt Disney Pictures,
Son of Flubber,Sequel,0,16/01/1963,Walt Disney Pictures,
In Search of the Castaways,Original,1,21/12/1962,Walt Disney Pictures,
The Legend of Lobo,Original,1,07/11/1962,Walt Disney Pictures,
Almost Angels,Original,1,26/09/1962,Walt Disney Pictures,
Big Red,Original,1,06/06/1962,Walt Disney Pictures,
Bon Voyage!,Original,1,17/05/1962,Walt Disney Pictures,
Moon Pilot,Original,1,05/04/1962,Walt Disney Pictures,
Babes in Toyland,Original,1,14/12/1961,Walt Disney Pictures,
Greyfriars Bobby,Original,1,17/07/1961,Walt Disney Pictures,
Nikki: Wild Dog of the North,Original,1,12/07/1961,Walt Disney Pictures,
The Parent Trap,Original,1,21/06/1961,Walt Disney Pictures,
The Absent-Minded Professor,Original,1,16/03/1961,Walt Disney Pictures,
One Hundred and One Dalmatians,Original,1,25/01/1961,Walt Disney Pictures,
Swiss Family Robinson,Original,1,21/12/1960,Walt Disney Pictures,
Ten Who Dared,Original,0,01/11/1960,Walt Disney Pictures,
Jungle Cat,Original,0,10/08/1960,Walt Disney Pictures,
The Sign of Zorro,Original,1,11/06/1960,Walt Disney Pictures,
Pollyanna,Original,1,19/05/1960,Walt Disney Pictures,
Kidnapped,Original,1,24/02/1960,Walt Disney Pictures,
Toby Tyler or 10 Weeks with a Circus,Original,1,21/01/1960,Walt Disney Pictures,
Third Man on the Mountain,Original,1,10/11/1959,Walt Disney Pictures,
Darby O'Gill and the Little People,Original,1,26/06/1959,Walt Disney Pictures,
The Shaggy Dog,Original,1,19/03/1959,Walt Disney Pictures,
Sleeping Beauty,Original,1,29/01/1959,Walt Disney Pictures,
Tonka,Original,1,25/12/1958,Walt Disney Pictures,
White Wilderness,Original,0,12/08/1958,Walt Disney Pictures,
The Light in the Forest,Original,1,08/07/1958,Walt Disney Pictures,
Old Yeller,Original,1,25/12/1957,Walt Disney Pictures,
Perri,Original,1,28/08/1957,Walt Disney Pictures,
Johnny Tremain,Original,1,19/06/1957,Walt Disney Pictures,
Westward Ho the Wagons!,Original,0,20/12/1956,Walt Disney Pictures,
Secrets of Life,Original,0,06/11/1956,Walt Disney Pictures,
Davy Crockett and the River Pirates,Original,0,18/07/1956,Walt Disney Pictures,
The Great Locomotive Chase,Original,0,08/06/1956,Walt Disney Pictures,
The Littlest Outlaw,Original,0,22/12/1955,Walt Disney Pictures,
The African Lion,Original,0,14/09/1955,Walt Disney Pictures,
Lady and the Tramp,Original,0,22/06/1955,Walt Disney Pictures,
Davy Crockett: King of the Wild Frontier,Original,0,25/05/1955,Walt Disney Pictures,
"20,000 Leagues Under the Sea",Original,0,23/12/1954,Walt Disney Pictures,
The Vanishing Prairie,Original,0,16/08/1954,Walt Disney Pictures,
Rob Roy: The Highland Rogue,Original,0,27/02/1954,Walt Disney Pictures,
The Living Desert,Original,0,10/11/1953,Walt Disney Pictures,
The Sword and the Rose,Original,1,23/07/1953,Walt Disney Pictures,
Peter Pan,Original,1,05/02/1953,Walt Disney Pictures,
The Story of Robin Hood,Original,1,26/06/1952,Walt Disney Pictures,
Alice in Wonderland,Original,1,28/07/1951,Walt Disney Pictures,
Treasure Island,Original,1,29/07/1950,Walt Disney Pictures,
Cinderella,Original,1,15/02/1950,Walt Disney Pictures,
The Adventures of Ichabod and Mr. Toad,Original,1,05/10/1949,Walt Disney Pictures,
So Dear to My Heart,Original,0,29/11/1948,Walt Disney Pictures,
Melody Time,Original,0,27/05/1948,Walt Disney Pictures,
Fun and Fancy Free,Original,1,27/09/1947,Walt Disney Pictures,
Song of the South,Original,0,12/11/1946,Walt Disney Pictures,
Make Mine Music,Original,1,20/04/1946,Walt Disney Pictures,
The Three Caballeros,Original,0,03/02/1945,Walt Disney Pictures,
Victory Through Air Power,Original,0,17/07/1943,Walt Disney Pictures,
Saludos Amigos,Original,0,06/02/1943,Walt Disney Pictures,When did prequels become bigger
Bambi,Original,1,21/08/1942,Walt Disney Pictures,When did it become more prominent
Dumbo,Original,1,23/10/1941,Walt Disney Pictures,Year with the most sequels
The Reluctant Dragon,Original,1,20/06/1941,Walt Disney Pictures,
Fantasia,Original,0,13/11/1940,Walt Disney Pictures,"*** Movie has to be based on book story specifrically, not the world"
Pinocchio,Original,1,07/02/1940,Walt Disney Pictures,** Does include TV shows
Snow White and the Seven Dwarfs,Original,1,21/12/1937,Walt Disney Pictures,* Other media doesnt include other films or real life events unless they were books. They do include myths